"id","created_at","updated_at","name","cluster"
"669","2025-10-06T14:06:18.70778Z","2025-10-06T14:06:18.70778Z","land seizures","land-related issues"
"670","2025-10-06T14:06:18.70778Z","2025-10-06T14:06:18.70778Z","slashed export","economic issues"
"671","2025-10-06T14:06:18.70778Z","2025-10-06T14:06:18.70778Z","price rise","economic issues"
"672","2025-10-06T14:06:18.70778Z","2025-10-06T14:06:18.70778Z","mass hunger","food crisis"
"673","2025-10-06T14:06:18.70778Z","2025-10-06T14:06:18.70778Z","cyclone","weather shocks"
"674","2025-10-06T14:06:18.70778Z","2025-10-06T14:06:18.70778Z","failed crops","agricultural production issues"
"675","2025-10-06T14:06:18.70778Z","2025-10-06T14:06:18.70778Z","disruption to farming","agricultural production issues"
"676","2025-10-06T14:06:18.70778Z","2025-10-06T14:06:18.70778Z","massive starvation","food crisis"
"677","2025-10-06T14:06:18.70778Z","2025-10-06T14:06:18.70778Z","abnormally low rainfall","weather shocks"
"678","2025-10-06T14:06:18.70778Z","2025-10-06T14:06:18.70778Z","withheld relief","humanitarian aid"
"679","2025-10-06T14:06:18.70778Z","2025-10-06T14:06:18.70778Z","international alarm","humanitarian aid"
"680","2025-10-06T14:06:18.70778Z","2025-10-06T14:06:18.70778Z","reduced national output","economic issues"
"681","2025-10-06T14:06:18.70778Z","2025-10-06T14:06:18.70778Z","oppressive regimes","political instability"
"682","2025-10-06T14:06:18.70778Z","2025-10-06T14:06:18.70778Z","pests","pests and diseases"
"683","2025-10-06T14:06:18.70778Z","2025-10-06T14:06:18.70778Z","continued deterioration","other"
"684","2025-10-06T14:06:18.70778Z","2025-10-06T14:06:18.70778Z","forests destroyed","land-related issues"
"685","2025-10-06T14:06:18.70778Z","2025-10-06T14:06:18.70778Z","man-made disaster","other"
"686","2025-10-06T14:06:18.70778Z","2025-10-06T14:06:18.70778Z","food insecurity","food crisis"
"687","2025-10-06T14:06:18.70778Z","2025-10-06T14:06:18.70778Z","harvests are devastated","agricultural production issues"
"688","2025-10-06T14:06:18.70778Z","2025-10-06T14:06:18.70778Z","humanitarian situation","humanitarian aid"
"689","2025-10-06T14:06:18.70778Z","2025-10-06T14:06:18.70778Z","economic impoverishment","economic issues"
"690","2025-10-06T14:06:18.70778Z","2025-10-06T14:06:18.70778Z","clan battle","conflicts and violence"
"691","2025-10-06T14:06:18.70778Z","2025-10-06T14:06:18.70778Z","population crisis","other"
"692","2025-10-06T14:06:18.70778Z","2025-10-06T14:06:18.70778Z","aid appeal","humanitarian aid"
"693","2025-10-06T14:06:18.70778Z","2025-10-06T14:06:18.70778Z","weather extremes","weather shocks"
"694","2025-10-06T14:06:18.70778Z","2025-10-06T14:06:18.70778Z","anti-western policies","political instability"
"695","2025-10-06T14:06:18.70778Z","2025-10-06T14:06:18.70778Z","rinderpest","pests and diseases"
"696","2025-10-06T14:06:18.70778Z","2025-10-06T14:06:18.70778Z","inadequate rainfall","weather shocks"
"697","2025-10-06T14:06:18.70778Z","2025-10-06T14:06:18.70778Z","lack of authority","political instability"
"698","2025-10-06T14:06:18.70778Z","2025-10-06T14:06:18.70778Z","acute hunger","food crisis"
"699","2025-10-06T14:06:18.70778Z","2025-10-06T14:06:18.70778Z","foreign troops","conflicts and violence"
"700","2025-10-06T14:06:18.70778Z","2025-10-06T14:06:18.70778Z","increased external debt","economic issues"
"701","2025-10-06T14:06:18.70778Z","2025-10-06T14:06:18.70778Z","drought","weather shocks"
"702","2025-10-06T14:06:18.70778Z","2025-10-06T14:06:18.70778Z","conflict","conflicts and violence"
"703","2025-10-06T14:06:18.70778Z","2025-10-06T14:06:18.70778Z","failed rains","weather shocks"
"704","2025-10-06T14:06:18.70778Z","2025-10-06T14:06:18.70778Z","makeshift camps","forced displacement"
"705","2025-10-06T14:06:18.70778Z","2025-10-06T14:06:18.70778Z","civilians uprooted","forced displacement"
"706","2025-10-06T14:06:18.70778Z","2025-10-06T14:06:18.70778Z","dysfunction","food crisis"
"707","2025-10-06T14:06:18.70778Z","2025-10-06T14:06:18.70778Z","foreign aid","humanitarian aid"
"708","2025-10-06T14:06:18.70778Z","2025-10-06T14:06:18.70778Z","violent suppression","conflicts and violence"
"709","2025-10-06T14:06:18.70778Z","2025-10-06T14:06:18.70778Z","military dictatorship","political instability"
"710","2025-10-06T14:06:18.70778Z","2025-10-06T14:06:18.70778Z","climatic hazards","weather shocks"
"711","2025-10-06T14:06:18.70778Z","2025-10-06T14:06:18.70778Z","migration","forced displacement"
"712","2025-10-06T14:06:18.70778Z","2025-10-06T14:06:18.70778Z","land grab","land-related issues"
"713","2025-10-06T14:06:18.70778Z","2025-10-06T14:06:18.70778Z","terrorism","conflicts and violence"
"714","2025-10-06T14:06:18.70778Z","2025-10-06T14:06:18.70778Z","bombing campaign","conflicts and violence"
"715","2025-10-06T14:06:18.70778Z","2025-10-06T14:06:18.70778Z","collapsing economy","economic issues"
"716","2025-10-06T14:06:18.70778Z","2025-10-06T14:06:18.70778Z","military junta","political instability"
"717","2025-10-06T14:06:18.70778Z","2025-10-06T14:06:18.70778Z","climate change","environmental issues"
"718","2025-10-06T14:06:18.70778Z","2025-10-06T14:06:18.70778Z","rising inflation","economic issues"
"719","2025-10-06T14:06:18.70778Z","2025-10-06T14:06:18.70778Z","international terrorists","conflicts and violence"
"720","2025-10-06T14:06:18.70778Z","2025-10-06T14:06:18.70778Z","cycle of poverty","economic issues"
"721","2025-10-06T14:06:18.70778Z","2025-10-06T14:06:18.70778Z","bad harvests","agricultural production issues"
"722","2025-10-06T14:06:18.70778Z","2025-10-06T14:06:18.70778Z","destructive pattern","conflicts and violence"
"723","2025-10-06T14:06:18.70778Z","2025-10-06T14:06:18.70778Z","price of food","economic issues"
"724","2025-10-06T14:06:18.70778Z","2025-10-06T14:06:18.70778Z","corrupt government","political instability"
"725","2025-10-06T14:06:18.70778Z","2025-10-06T14:06:18.70778Z","militia groups","conflicts and violence"
"726","2025-10-06T14:06:18.70778Z","2025-10-06T14:06:18.70778Z","poor soil quality","land-related issues"
"727","2025-10-06T14:06:18.70778Z","2025-10-06T14:06:18.70778Z","cattle plague","pests and diseases"
"728","2025-10-06T14:06:18.70778Z","2025-10-06T14:06:18.70778Z","food assistance","humanitarian aid"
"729","2025-10-06T14:06:18.70778Z","2025-10-06T14:06:18.70778Z","continued strife","conflicts and violence"
"730","2025-10-06T14:06:18.70778Z","2025-10-06T14:06:18.70778Z","ecological crisis","environmental issues"
"731","2025-10-06T14:06:18.70778Z","2025-10-06T14:06:18.70778Z","hunger crises","food crisis"
"732","2025-10-06T14:06:18.70778Z","2025-10-06T14:06:18.70778Z","rising food prices","economic issues"
"733","2025-10-06T14:06:18.70778Z","2025-10-06T14:06:18.70778Z","restricted humanitarian access","humanitarian aid"
"734","2025-10-06T14:06:18.70778Z","2025-10-06T14:06:18.70778Z","water availability","weather shocks"
"735","2025-10-06T14:06:18.70778Z","2025-10-06T14:06:18.70778Z","alarming level","other"
"736","2025-10-06T14:06:18.70778Z","2025-10-06T14:06:18.70778Z","police torture","conflicts and violence"
"737","2025-10-06T14:06:18.70778Z","2025-10-06T14:06:18.70778Z","potato blight","pests and diseases"
"738","2025-10-06T14:06:18.70778Z","2025-10-06T14:06:18.70778Z","the offensive","conflicts and violence"
"739","2025-10-06T14:06:18.70778Z","2025-10-06T14:06:18.70778Z","land invasions","land-related issues"
"740","2025-10-06T14:06:18.70778Z","2025-10-06T14:06:18.70778Z","clan warfare","conflicts and violence"
"741","2025-10-06T14:06:18.70778Z","2025-10-06T14:06:18.70778Z","stolen food aid","humanitarian aid"
"742","2025-10-06T14:06:18.70778Z","2025-10-06T14:06:18.70778Z","politically engineered","political instability"
"743","2025-10-06T14:06:18.70778Z","2025-10-06T14:06:18.70778Z","scanty rainfall","weather shocks"
"744","2025-10-06T14:06:18.70778Z","2025-10-06T14:06:18.70778Z","water distribution shortages","agricultural production issues"
"745","2025-10-06T14:06:18.70778Z","2025-10-06T14:06:18.70778Z","cattle death","agricultural production issues"
"746","2025-10-06T14:06:18.70778Z","2025-10-06T14:06:18.70778Z","asylum seekers","forced displacement"
"747","2025-10-06T14:06:18.70778Z","2025-10-06T14:06:18.70778Z","major offensive","conflicts and violence"
"748","2025-10-06T14:06:18.70778Z","2025-10-06T14:06:18.70778Z","without international aid","humanitarian aid"
"749","2025-10-06T14:06:18.70778Z","2025-10-06T14:06:18.70778Z","prolonged dry spell","weather shocks"
"750","2025-10-06T14:06:18.70778Z","2025-10-06T14:06:18.70778Z","rise","economic issues"
"751","2025-10-06T14:06:18.70778Z","2025-10-06T14:06:18.70778Z","restricted relief flights","humanitarian aid"
"752","2025-10-06T14:06:18.70778Z","2025-10-06T14:06:18.70778Z","civil strife","conflicts and violence"
"753","2025-10-06T14:06:18.70778Z","2025-10-06T14:06:18.70778Z","aid workers died","humanitarian aid"
"754","2025-10-06T14:06:18.70778Z","2025-10-06T14:06:18.70778Z","rival warlords","conflicts and violence"
"755","2025-10-06T14:06:18.70778Z","2025-10-06T14:06:18.70778Z","land reform","land-related issues"
"756","2025-10-06T14:06:18.70778Z","2025-10-06T14:06:18.70778Z","lack of roads","agricultural production issues"
"757","2025-10-06T14:06:18.70778Z","2025-10-06T14:06:18.70778Z","pushing peasants off","land-related issues"
"758","2025-10-06T14:06:18.70778Z","2025-10-06T14:06:18.70778Z","locusts","pests and diseases"
"759","2025-10-06T14:06:18.70778Z","2025-10-06T14:06:18.70778Z","gangs of bandits","conflicts and violence"
"760","2025-10-06T14:06:18.70778Z","2025-10-06T14:06:18.70778Z","repression","conflicts and violence"
"761","2025-10-06T14:06:18.70778Z","2025-10-06T14:06:18.70778Z","humanitarian disaster","humanitarian aid"
"762","2025-10-06T14:06:18.70778Z","2025-10-06T14:06:18.70778Z","years of warfare","conflicts and violence"
"763","2025-10-06T14:06:18.70778Z","2025-10-06T14:06:18.70778Z","floods","weather shocks"
"764","2025-10-06T14:06:18.70778Z","2025-10-06T14:06:18.70778Z","unable to sow","agricultural production issues"
"765","2025-10-06T14:06:18.70778Z","2025-10-06T14:06:18.70778Z","transport bottleneck","agricultural production issues"
"766","2025-10-06T14:06:18.70778Z","2025-10-06T14:06:18.70778Z","pirates","conflicts and violence"
"767","2025-10-06T14:06:18.70778Z","2025-10-06T14:06:18.70778Z","reduced imports","economic issues"
"768","2025-10-06T14:06:18.70778Z","2025-10-06T14:06:18.70778Z","apathy","food crisis"
"769","2025-10-06T14:06:18.70778Z","2025-10-06T14:06:18.70778Z","coup","political instability"
"770","2025-10-06T14:06:18.70778Z","2025-10-06T14:06:18.70778Z","epidemics","pests and diseases"
"771","2025-10-06T14:06:18.70778Z","2025-10-06T14:06:18.70778Z","siege","conflicts and violence"
"772","2025-10-06T14:06:18.70778Z","2025-10-06T14:06:18.70778Z","power struggle","political instability"
"773","2025-10-06T14:06:18.70778Z","2025-10-06T14:06:18.70778Z","livestock had died","agricultural production issues"
"774","2025-10-06T14:06:18.70778Z","2025-10-06T14:06:18.70778Z","blockade","conflicts and violence"
"775","2025-10-06T14:06:18.70778Z","2025-10-06T14:06:18.70778Z","burning houses","land-related issues"
"776","2025-10-06T14:06:18.70778Z","2025-10-06T14:06:18.70778Z","brain drain","economic issues"
"777","2025-10-06T14:06:18.70778Z","2025-10-06T14:06:18.70778Z","severe rains","weather shocks"
"778","2025-10-06T14:06:18.70778Z","2025-10-06T14:06:18.70778Z","infrastructure damage","agricultural production issues"
"779","2025-10-06T14:06:18.70778Z","2025-10-06T14:06:18.70778Z","land degradation","land-related issues"
"780","2025-10-06T14:06:18.70778Z","2025-10-06T14:06:18.70778Z","human rights abuses","conflicts and violence"
"781","2025-10-06T14:06:18.70778Z","2025-10-06T14:06:18.70778Z","lack of cultivation","agricultural production issues"
"782","2025-10-06T14:06:18.70778Z","2025-10-06T14:06:18.70778Z","harvest decline","agricultural production issues"
"783","2025-10-06T14:06:18.70778Z","2025-10-06T14:06:18.70778Z","flee","forced displacement"
"784","2025-10-06T14:06:18.70778Z","2025-10-06T14:06:18.70778Z","economic crisis","economic issues"
"785","2025-10-06T14:06:18.70778Z","2025-10-06T14:06:18.70778Z","greenhouse gases","environmental issues"
"786","2025-10-06T14:06:18.70778Z","2025-10-06T14:06:18.70778Z","prolonged fighting","conflicts and violence"
"787","2025-10-06T14:06:18.70778Z","2025-10-06T14:06:18.70778Z","tragedy","other"
"788","2025-10-06T14:06:18.70778Z","2025-10-06T14:06:18.70778Z","slave trade","other"
"789","2025-10-06T14:06:18.70778Z","2025-10-06T14:06:18.70778Z","environmental degradation","environmental issues"
"790","2025-10-06T14:06:18.70778Z","2025-10-06T14:06:18.70778Z","infant mortality","food crisis"
"791","2025-10-06T14:06:18.70778Z","2025-10-06T14:06:18.70778Z","catastrophe","other"
"792","2025-10-06T14:06:18.70778Z","2025-10-06T14:06:18.70778Z","wreaked havoc","other"
"793","2025-10-06T14:06:18.70778Z","2025-10-06T14:06:18.70778Z","internal strife","conflicts and violence"
"794","2025-10-06T14:06:18.70778Z","2025-10-06T14:06:18.70778Z","malnourished","food crisis"
"795","2025-10-06T14:06:18.70778Z","2025-10-06T14:06:18.70778Z","secession","political instability"
"796","2025-10-06T14:06:18.70778Z","2025-10-06T14:06:18.70778Z","natural disaster","environmental issues"
"797","2025-10-06T14:06:18.70778Z","2025-10-06T14:06:18.70778Z","life-threatening hunger","food crisis"
"798","2025-10-06T14:06:18.70778Z","2025-10-06T14:06:18.70778Z","air attack","conflicts and violence"
"799","2025-10-06T14:06:18.70778Z","2025-10-06T14:06:18.70778Z","corruption","political instability"
"800","2025-10-06T14:06:18.70778Z","2025-10-06T14:06:18.70778Z","call for donations","humanitarian aid"
"801","2025-10-06T14:06:18.70778Z","2025-10-06T14:06:18.70778Z","collapse of government","political instability"
"802","2025-10-06T14:06:18.70778Z","2025-10-06T14:06:18.70778Z","international intervention","humanitarian aid"
"803","2025-10-06T14:06:18.70778Z","2025-10-06T14:06:18.70778Z","refugees","forced displacement"
"804","2025-10-06T14:06:18.70778Z","2025-10-06T14:06:18.70778Z","disrupted trade","economic issues"
"805","2025-10-06T14:06:18.70778Z","2025-10-06T14:06:18.70778Z","lack of agricultural infrastructure","agricultural production issues"
"806","2025-10-06T14:06:18.70778Z","2025-10-06T14:06:18.70778Z","rebel insurgency","conflicts and violence"
"807","2025-10-06T14:06:18.70778Z","2025-10-06T14:06:18.70778Z","brutal government","conflicts and violence"
"808","2025-10-06T14:06:18.70778Z","2025-10-06T14:06:18.70778Z","looting","conflicts and violence"
"809","2025-10-06T14:06:18.70778Z","2025-10-06T14:06:18.70778Z","displaced","forced displacement"
"810","2025-10-06T14:06:18.70778Z","2025-10-06T14:06:18.70778Z","food crisis","food crisis"
"811","2025-10-06T14:06:18.70778Z","2025-10-06T14:06:18.70778Z","lack of rains","weather shocks"
"812","2025-10-06T14:06:18.70778Z","2025-10-06T14:06:18.70778Z","lack of alternatives","other"
"813","2025-10-06T14:06:18.70778Z","2025-10-06T14:06:18.70778Z","regimes were toppled","political instability"
"814","2025-10-06T14:06:18.70778Z","2025-10-06T14:06:18.70778Z","jihadist groups","conflicts and violence"
"815","2025-10-06T14:06:18.70778Z","2025-10-06T14:06:18.70778Z","toll on livestock","agricultural production issues"
"816","2025-10-06T14:06:18.70778Z","2025-10-06T14:06:18.70778Z","shortage of rains","weather shocks"
"817","2025-10-06T14:06:18.70778Z","2025-10-06T14:06:18.70778Z","devastated the economy","economic issues"
"818","2025-10-06T14:06:18.70778Z","2025-10-06T14:06:18.70778Z","self reliance","humanitarian aid"
"819","2025-10-06T14:06:18.70778Z","2025-10-06T14:06:18.70778Z","cholera outbreak","pests and diseases"
"820","2025-10-06T14:06:18.70778Z","2025-10-06T14:06:18.70778Z","international embargo","humanitarian aid"
"821","2025-10-06T14:06:18.70778Z","2025-10-06T14:06:18.70778Z","farmland","land-related issues"
"822","2025-10-06T14:06:18.70778Z","2025-10-06T14:06:18.70778Z","totalitarian","political instability"
"823","2025-10-06T14:06:18.70778Z","2025-10-06T14:06:18.70778Z","authoritarian","political instability"
"824","2025-10-06T14:06:18.70778Z","2025-10-06T14:06:18.70778Z","dictators","political instability"
"825","2025-10-06T14:06:18.70778Z","2025-10-06T14:06:18.70778Z","clans","conflicts and violence"
"826","2025-10-06T14:06:18.70778Z","2025-10-06T14:06:18.70778Z","gastrointestinal","food crisis"
"827","2025-10-06T14:06:18.70778Z","2025-10-06T14:06:18.70778Z","terrorist","conflicts and violence"
"828","2025-10-06T14:06:18.70778Z","2025-10-06T14:06:18.70778Z","warlord","conflicts and violence"
"829","2025-10-06T14:06:18.70778Z","2025-10-06T14:06:18.70778Z","d'etat","political instability"
"830","2025-10-06T14:06:18.70778Z","2025-10-06T14:06:18.70778Z","overthrow","political instability"
"831","2025-10-06T14:06:18.70778Z","2025-10-06T14:06:18.70778Z","convoys","conflicts and violence"
"832","2025-10-06T14:06:18.70778Z","2025-10-06T14:06:18.70778Z","carbon","environmental issues"
"833","2025-10-06T14:06:18.70778Z","2025-10-06T14:06:18.70778Z","mayhem","conflicts and violence"
"834","2025-10-06T14:06:18.70778Z","2025-10-06T14:06:18.70778Z","dehydrated","food crisis"
"835","2025-10-06T14:06:18.70778Z","2025-10-06T14:06:18.70778Z","mismanagement","political instability"
